{"Vannes": [47.659971, -2.752192], "Allaire": [45.229798, -0.549556], "Ambon": [47.562581, -2.539591], "Arradon": [47.633837, -2.825238], "Arzal": [47.527651, -2.401424], "Arzon": [47.548935, -2.891423], "Augan": [47.913927, -2.280163], "Auray": [47.668099, -2.990838], "Baden": [47.610897, -2.901194], "Baud": [47.870481, -3.03298], "Béganne": [47.598118, -2.245589], "Beignon": [46.119465, -1.079046], "Belle-Ile": [43.317026, 3.470871], "Belz": [47.673159, -3.164388], "Berné": [43.439965, 5.852717], "Berric": [47.636558, -2.530011], "Bieuzy": [47.734423, -3.429935], "Bignan": [47.876964, -2.753551], "Billers": [43.307764, -0.394159], "Billio": [47.867997, -2.649752], "Bohal": [47.783755, -2.448543], "Brandérion": [47.794165, -3.194077], "Brandivy": [47.780697, -2.917686], "Brech": [47.70418, -3.022113], "Bréhan": [48.066407, -2.69157], "Brignac": [48.460605, -2.153551], "Bubry": [47.971017, -3.171959], "Buléon": [47.923135, -2.675348], "Caden": [47.541077, -2.677473], "Calan": [47.750044, -2.694256], "Camoël": [47.478788, -2.399904], "Camors": [47.831204, -3.002336], "Campénéac": [47.955571, -2.299558], "Carentoir": [47.818772, -2.12145], "Carnac": [47.602146, -3.066068], "Caro": [47.865346, -2.338468], "Caudan": [48.082744, -2.918887], "Cléguérec": [47.678502, -2.863284], "Cléguers": [47.601207, -2.687528], "Colpo": [47.816505, -2.813306], "Concoret": [48.064221, -2.20887], "Cournon": [47.750561, -2.097406], "Crac'h": [48.119159, -3.633253], "Crédin": [48.037862, -2.758495], "Croixanvec": [47.6582, -2.7608], "Cruguel": [47.882588, -4.171778], "Damgan": [47.518541, -2.588889], "Elven": [47.729161, -2.59198], "Erdeven": [47.639164, -3.155599], "Etel": [47.656057, -3.197338], "Evellys": [47.970184, -2.865111], "Evriguet": [48.080498, -2.404189], "Férel": [47.488083, -2.33407], "Gavres": [47.694709, -3.353237], "Glénac": [-20.908967, 55.571844], "Gestel": [47.806478, -3.437687], "Gourhel": [47.936224, -2.355413], "Gourrin": [48.1275, -3.598166], "Grand-Champ": [14.659041, -60.992569], "Guegon": [47.928201, -2.598329], "Guéhenno": [47.6582, -2.7608], "Gueltas": [48.053732, -3.060045], "Guémené-sur-Scorff": [48.066219, -3.20439], "Guénin": [47.902129, -2.967026], "Guer": [47.905015, -2.128326], "Guern": [48.17333, -3.971546], "Guidel": [47.79091, -3.488029], "Guillac": [47.923215, -2.486505], "Guilliers": [48.322022, -2.197624], "Guiscriff": [48.054133, -3.607509], "Helléan": [47.962702, -2.47801], "Hennebont": [47.807041, -3.268558], "Ile d'Arz": [47.596767, -2.797702], "Ile de Groix": [48.436656, -2.068206], "Ile de Hoedic": [48.436614, -2.067753], "Ile de Houat": [47.388029, -2.956331], "Ile aux Moines": [48.8787, -3.492083], "Inguiniel": [47.949036, -3.274579], "Inzinzac-Lochrist": [47.862255, -3.237883], "Josselin": [47.95471, -2.547028], "Kerfourn": [48.041471, -2.836399], "Kergrist": [48.167603, -3.543115], "Kernascléden": [48.012461, -3.326923], "Kervignac": [47.763138, -3.239261], "La Chapelle Caro": [43.777442, 7.197863], "La Chapelle Gaceline": [47.789656, -2.087052], "La Chapelle Neuve": [48.002276, -3.600158], "La Croix Helléan": [47.959065, -2.507781], "La Gascilly": [47.763107, -2.131547], "La Grée-Saint-Laurent": [47.995798, -2.499321], "La Roche-Bernard": [45.39016, 4.22997], "La Trinité-Porhoët": [48.099116, -2.530983], "La Trinité-sur-Mer": [47.589229, -3.038799], "La Trinité-Surzur": [47.604391, -2.593233], "La Vraie-Croix": [47.725831, -3.410404], "Landaul": [47.742764, -3.095199], "Landévant": [47.77442, -3.118101], "Lanester": [47.768777, -3.330862], "Langoëlan": [48.118496, -3.235607], "Langonnet": [48.132219, -3.496276], "Languidic": [47.827952, -3.150877], "Lannouée": [48.380024, -2.158373], "Lantillac": [47.954342, -2.652982], "Lanvaudan": [47.886678, -3.254707], "Lanvénegen": [47.6582, -2.7608], "Larmor-Baden": [47.592551, -2.901833], "Larmor-Plage": [47.715667, -3.391565], "Larré": [47.523877, -1.894931], "Lauzach": [47.610842, -2.551796], "Le Bono": [47.636431, -2.941142], "Le Cours": [44.007536, 5.108003], "Le Croisty": [47.85639, -3.108988], "Le Faouët": [47.933633, -2.752201], "Les Forges de Lannouée": [47.993803, -2.538809], "Les Fougerêts": [48.064856, -2.394208], "Le Guerno": [47.869357, -2.812052], "Le Hézo": [47.581756, -2.694254], "Le Roc-Saint-André": [47.878709, -2.437955], "Le Saint": [49.208207, -0.325898], "Le Sourn": [48.042292, -2.989393], "Le Tour-du-Parc": [47.527672, -2.652816], "Lignol": [47.669368, -2.823443], "Limerzel": [47.638705, -2.363749], "Lizio": [47.6582, -2.7608], "Locmalo": [48.005518, -2.769211], "Locmaria-Grand-Champ": [47.6582, -2.7608], "Locmariaquer": [47.6582, -2.7608], "Locminé": [47.6582, -2.7608], "Locmiquélic": [47.6582, -2.7608], "Locoal-Mendon": [47.6582, -2.7608], "Locqueltas": [47.626394, -3.449705], "Lorient": [47.750364, -3.378025], "Loyat": [47.99279, -2.376503], "Malensac": [47.687246, -2.301637], "Malestroit": [47.8078, -2.38677], "Malguénac": [48.06843, -3.067826], "Marzan": [47.730217, -2.193465], "Mauron": [48.090045, -2.307242], "Melrand": [47.972726, -3.103592], "Ménéac": [48.121391, -2.454464], "Merlevenez": [47.724955, -3.246456], "Meslan": [47.895584, -2.511578], "Meucon": [47.72016, -2.770386], "Missiriac": [47.820832, -2.361405], "Mohon": [48.061804, -2.498785], "Molac": [47.727031, -2.443527], "Monteneuf": [47.87194, -2.179479], "Monterblanc": [47.733128, -2.702983], "Monterrein": [47.879688, -2.357948], "Montertelot": [47.884944, -2.412143], "Moréac": [47.929208, -2.801255], "Moustoir-Ac": [47.847495, -2.853273], "Moustoir-Remungol": [47.996567, -2.902287], "Muzillac": [47.550098, -2.469881], "Naizin": [47.989855, -2.831647], "Néant-sur-Yvel": [48.021314, -2.339311], "Neuillac": [45.514441, -0.398385], "Nivillac": [47.535577, -2.251333], "Nostang": [47.756119, -3.178384], "Noyal-Muzillac": [47.593711, -2.463195], "Noyal-Pontivy": [48.053581, -2.887464], "Péaule": [47.584624, -2.338699], "Peillac": [47.715836, -2.215462], "Penestin": [47.470977, -2.467459], "Persquen": [48.012339, -3.21824], "Plaudren": [47.783125, -2.693658], "Plescop": [47.697201, -2.83093], "Pleucadeuc": [47.777983, -2.384674], "Pleugriffet": [47.993665, -2.695402], "Ploemel": [47.664966, -3.077249], "Ploemeur": [47.728773, -3.445603], "Ploërdut": [48.097939, -3.268074], "Ploeren": [47.659674, -2.835645], "Ploërmel": [47.914472, -2.375543], "Plouay": [47.932232, -3.340242], "Plougoumelen": [47.658005, -2.893807], "Plouharnel": [47.604059, -3.116522], "Plouhinec": [47.693989, -3.24097], "Plouray": [48.138151, -3.380354], "Pluherlin": [47.708678, -2.371527], "Plumelec": [47.827251, -2.618295], "Pluméliau": [47.970027, -2.995378], "Plumelin": [47.871937, -2.890121], "Plumergat": [47.732601, -2.929475], "Pluneret": [47.680172, -2.939465], "Pluvigner": [47.781616, -3.020092], "Pont-Scorff": [47.835532, -3.419328], "Pontivy": [48.065625, -2.975174], "Porcaro": [47.914573, -2.199052], "Port-Louis": [16.421325, -61.487411], "Priziac": [47.771123, -2.365376], "Quelneuc": [47.94255, -2.296164], "Questembert": [47.665587, -2.435474], "Queven": [47.788456, -3.41623], "Quiberon": [47.486711, -3.120228], "Quily": [47.588587, -2.377624], "Quistinic": [47.870782, -2.824705], "Radenac": [47.943786, -2.709394], "Réguiny": [47.982561, -2.765041], "Réminiac": [47.860526, -2.253039], "Remungol": [47.824899, -2.609551], "Riantec": [47.722021, -3.310604], "Rieux": [47.751746, -2.29232], "Rochefort-en-Terre": [47.698592, -2.341185], "Rohan": [47.841214, -1.828866], "Roudouallec": [48.112716, -3.691165], "Ruffiac": [47.817066, -2.289312], "Sarzeau": [47.520907, -2.756351], "Séglien": [48.105169, -3.155331], "Séné": [47.624371, -2.740046], "Sérent": [47.824932, -2.500063], "Silfiac": [48.143457, -3.170095], "St-Abraham": [47.847305, -2.404014], "St-Aignan": [47.894401, -1.048853], "St-Allouestre": [47.907057, -2.737983], "St-Armel": [47.569212, 0.669393], "St-Avé": [47.701398, -2.742536], "St-Barthélémy": [48.655975, -2.918814], "St-Brieuc de Mauron": [48.088828, -2.360771],